<?xml version="1.0" encoding="UTF-8"?>
<!DOCTYPE configuration PUBLIC "-//mybatis.org//DTD Config 3.0//EN" "HTTP://mybatis.org/dtd/mybatis-3-config.dtd">

<configuration>
	<settings>
		<setting name="cacheEnabled" value="false" />
		<setting name="useGeneratedKeys" value="true" />
		<setting name="defaultExecutorType" value="REUSE" />
	</settings>
	
	<typeAliases>
		<typeAlias type="vo.MemberVo" alias="member"/>
		<typeAlias type="vo.QnaVo" alias="qna"/>
		<typeAlias type="vo.CartVo" alias="cart"/>
		<typeAlias type="vo.ProductVo" alias="product"/>
		<typeAlias type="vo.FaqVo" alias="faq"/>
		<typeAlias type="vo.NoticeVo" alias="notice"/>
		<typeAlias type="vo.ProductManageVo" alias="product_m"/>
	</typeAliases>
	
	<mappers>
		<mapper resource="config/mybatis/mapper/member.xml" />
		<mapper resource="config/mybatis/mapper/qna.xml" />
		<mapper resource="config/mybatis/mapper/cart.xml" />
		<mapper resource="config/mybatis/mapper/product.xml" />
		<mapper resource="config/mybatis/mapper/faq.xml"/>
		<mapper resource="config/mybatis/mapper/notice.xml" />
		<mapper resource="config/mybatis/mapper/product_in.xml"/>
		<mapper resource="config/mybatis/mapper/product_out.xml"/>
		<mapper resource="config/mybatis/mapper/product_remain.xml"/>
	</mappers>
</configuration>