<?xml version="1.0" encoding="UTF-8"?>
<beans xmlns="http://www.springframework.org/schema/beans"
	xmlns:xsi="http://www.w3.org/2001/XMLSchema-instance"
	xsi:schemaLocation="http://www.springframework.org/schema/beans https://www.springframework.org/schema/beans/spring-beans.xsd">
	
	<!-- Root Context: defines shared resources visible to all other web components -->
	
	<!-- MemberDaoImpl -->
	<bean id="member_dao" class="dao.MemberDaoImpl">
		<property name="sqlSession" ref="sqlSession"/>
	</bean>
	
	<!-- QnaDaoImpl -->
	<bean id="qna_dao" class="dao.QnaDaoImpl">
		<property name="sqlSession" ref="sqlSession"/>
	</bean>
	
	<!-- CartDaoImpl -->
	<bean id="cart_dao" class="dao.CartDaoImpl">
		<property name="sqlSession" ref="sqlSession"></property>
	</bean>
	
	<!-- ProductDaoImpl -->
	<bean id="product_dao" class="dao.ProductDaoImpl">
		<property name="sqlSession" ref="sqlSession"></property>
	</bean>
	
	<!-- NoticeDaoImpl -->
	<bean id="notice_dao" class="dao.NoticeDaoImpl">
		<property name="sqlSession" ref="sqlSession"></property>
	</bean>
	<!-- FAQDaoImpl -->
	<bean id="faq_dao" class="dao.FaqDaoImpl">
		<property name="sqlSession" ref="sqlSession"/>
	</bean>
	
	
	<!-- 입고 Dao -->
	<bean id="product_in_dao" class="dao.Product_in_DaoImpl">
		<property name="sqlSession" ref="sqlSession"/>
	</bean>
	
	<!-- 출고 Dao -->
	<bean id="product_out_dao" class="dao.Product_out_DaoImpl">
		<property name="sqlSession" ref="sqlSession"/>
	</bean>
	
	<!-- 재고 Dao -->
	<bean id="product_remain_dao" class="dao.Product_remain_DaoImpl">
		<property name="sqlSession" ref="sqlSession"/>
	</bean>
		
</beans>
