<?xml version="1.0" encoding="UTF-8" ?>
<!DOCTYPE mapper
PUBLIC "-//mybatis.org//DTD Mapper 3.0//EN" "http://mybatis.org/dtd/mybatis-3-mapper.dtd">
<mapper namespace="cart">
     <!-- m_idx별 장바구니 조회 -->
	<select id="cs_cart_list" parameterType="int" resultType="cart">
		select * from cs_cart_view where m_idx = #{ m_idx }
	</select>
	<!-- m_idx별 총계 -->
	<select id="cs_cart_total_amount" parameterType="int" resultType="int">
		select nvl(sum(amount),0) from cs_cart_view where m_idx = #{ m_idx }
	</select>
	
	<!-- p_idx and m_idx : m_idx회원이 p_idx상품을 장바구니에 넣었는지 구함 -->
	<select id="cs_cart_one" parameterType="cart" resultType="cart">
		select * from cs_cart where p_idx=#{ p_idx } and m_idx=#{ m_idx }
	</select>
	
	<!-- 수정 -->
	<update id="cs_cart_update" parameterType="cart">
		update cs_cart set c_cnt=#{ c_cnt } where c_idx=#{ c_idx }
	</update>
	
	<!-- 삭제 -->
	<delete id="cs_cart_delete">
		delete from cs_cart where c_idx=#{ c_idx }
	</delete>
	
	<insert id="cs_cart_insert" parameterType="cart">
		insert into cs_cart values(seq_chairshop_c_idx.nextVal,
								   1,
								   #{p_name},
								   #{p_idx},
								   #{m_idx},
								   #{p_price}
						  )
	</insert>
</mapper>












