<?xml version="1.0" encoding="UTF-8" ?>
<!DOCTYPE mapper
PUBLIC "-//mybatis.org//DTD Mapper 3.0//EN" "http://mybatis.org/dtd/mybatis-3-mapper.dtd">
<mapper namespace="member">
     
     <select id="member_list" resultType="member">
     	select * from cs_member
     </select>
     
     <!-- 검색조건별 게시물 수 -->
	<select id="member_rowtotal" parameterType="Map" resultType="int">
		select nvl(count(*),0) from cs_member
			<trim prefix="where" prefixOverrides="or">
				<if test="id!=null">
					m_id like '%' || #{ id } || '%'
				</if>
				
				<if test="name!=null">
					or m_name like '%' || #{ name } || '%'
				</if>
			</trim>
	</select>
     <!-- 페이지별 조회 -->
	<select id="member_condition_list" parameterType="Map" resultType="member">
		select * from
		(
			select
				rank() over(order by m_idx desc) as no, 
				m.*
			from
				( 
					select * from cs_member
				<trim prefix="where" prefixOverrides="or">
				<if test="id!=null">
					m_id like '%' || #{ id } || '%'
				</if>
				
				<if test="name!=null">
					or m_name like '%' || #{ name } || '%'
				</if>
				</trim>
				) m
		)
		where no between #{ start } and #{ end }
	</select>
     
     
     <select id="member_one_m_id" parameterType="String" resultType="member">
     	select * from cs_member where m_id = #{m_id} 
     </select>
     
     <select id="member_one_m_idx" parameterType="int" resultType="member">
     	select * from cs_member where m_idx = #{m_idx} 
     </select>
     
     <select id="member_one_vo" parameterType="member" resultType="member">
     	select * from cs_member where m_name = #{m_name} and m_tel = #{m_tel}
     </select>
     
     <insert id="member_insert" parameterType="member">
     	insert into cs_member values(seq_chairshop_m_idx.nextVal, 
							     	 #{m_name}, 
							     	 #{m_id}, 
							     	 #{m_pwd}, 
							     	 #{m_zipcode}, 
							     	 #{m_addr}, 
							     	 #{m_tel}, 
							     	 #{m_grade}, 
							     	 0,			 
									 #{m_mail}, 
									 #{m_ip})
     </insert>
	
	
	 <!-- 삭제 -->
	<delete id="member_delete" parameterType="int">
		delete from cs_member where m_idx=#{ m_idx }
	</delete>
	
	<!-- 수정 -->
	<update id="member_update" parameterType="member">
		update cs_member set m_name = #{ m_name },
						  m_id = #{ m_id },
						  m_pwd = #{ m_pwd },
						  m_zipcode = #{ m_zipcode },
						  m_addr = #{ m_addr },
						  m_ip = #{ m_ip },
						  m_grade = #{ m_grade }
					where m_idx = #{ m_idx }
	</update>
	
	 <update id="member_update_pwd" parameterType="member">
     	update cs_member set m_pwd = #{m_pwd}
     				where m_idx = #{ m_idx }
     </update>
</mapper>












