<?xml version="1.0" encoding="UTF-8" ?>
<!DOCTYPE mapper
PUBLIC "-//mybatis.org//DTD Mapper 3.0//EN" "http://mybatis.org/dtd/mybatis-3-mapper.dtd">
<mapper namespace="product_remain">
	
	<!-- 재고목록 전체조회 -->
	<select id="product_remain_list" resultType="product_m">
		select * from cs_product_remain order by pm_idx
	</select>

	<!-- 상품명을 이용한 객체 조회 -->
	<select id="product_remain_one_name" parameterType="String" resultType="product_m">
		select * from cs_product_remain where p_name=#{ p_name }
	</select>
	
	<!-- pm_idx를 이용한 객체조회 -->
	<select id="product_remain_one_idx" parameterType="int" resultType="product_m">
		select * from cs_product_remain where pm_idx=#{ pm_idx }
	</select>
	
	<!-- 재고등록 -->
	<insert id="product_remain_insert" parameterType="product_m">
		insert into cs_product_remain values(seq_chairshop_remain_idx.nextVal,
									  	  #{ p_idx },
									  	  #{ p_name },
									 	  #{ p_cnt },
									  	  sysdate
										 )
	</insert>
	
	<!-- 수량 수정 -->
	<update id="product_remain_update_cnt" parameterType="product_m">
		update cs_product set p_cnt=#{ p_cnt }, regdate=sysdate
				where p_name=#{ p_name }
	</update>

</mapper>












