<?xml version="1.0" encoding="UTF-8"?>
<beans:beans xmlns="http://www.springframework.org/schema/mvc"
	xmlns:xsi="http://www.w3.org/2001/XMLSchema-instance"
	xmlns:beans="http://www.springframework.org/schema/beans"
	xmlns:context="http://www.springframework.org/schema/context"
	xsi:schemaLocation="http://www.springframework.org/schema/mvc https://www.springframework.org/schema/mvc/spring-mvc.xsd
		http://www.springframework.org/schema/beans https://www.springframework.org/schema/beans/spring-beans.xsd
		http://www.springframework.org/schema/context https://www.springframework.org/schema/context/spring-context.xsd">

	<!-- DispatcherServlet Context: defines this servlet's request-processing infrastructure -->
	
	<!-- Enables the Spring MVC @Controller programming model -->
	<annotation-driven />

	<!-- Handles HTTP GET requests for /resources/** by efficiently serving up static resources in the ${webappRoot}/resources directory -->
	<resources mapping="/resources/**" location="/resources/" />

	<!-- Resolves views selected for rendering by @Controllers to .jsp resources in the /WEB-INF/views directory -->
	<beans:bean class="org.springframework.web.servlet.view.InternalResourceViewResolver">
		<beans:property name="prefix" value="/WEB-INF/views/" />
		<beans:property name="suffix" value=".jsp" />
	</beans:bean>
	
	<!-- 자동생성(Auto-Detecting) -->
	<context:component-scan base-package="com.ic.chairshop" />
		
	<context:annotation-config/>
	
	<!-- Interceptor 처리객체 -->
   <beans:bean id="session_interceptor" class="interceptor.SessionInterceptor"></beans:bean> 
   
   <interceptors>
        <interceptor>
            <mapping path="/admin/*" />
            <beans:ref  bean="session_interceptor" />            
        </interceptor>        
   </interceptors>
	
	<!-- MemberController -->
	<beans:bean class="controller.MemberController">
		<beans:property name="member_dao" ref="member_dao"/>
	</beans:bean>
	
	<!-- QnaController -->
	<beans:bean class="controller.QnaController">
		<beans:property name="qna_dao" ref="qna_dao"/>
	</beans:bean>
	
	<!-- CartController -->
	<beans:bean class="controller.CartController">
		<beans:property name="cart_dao" ref="cart_dao"></beans:property>
		<beans:property name="product_dao" ref="product_dao"></beans:property>
	</beans:bean>
	
	<!-- ProductController -->
	<beans:bean class="controller.ProductController">
		<beans:property name="product_dao" ref="product_dao"></beans:property>
	</beans:bean>
	
	<!-- NoticeController -->
	<beans:bean class="controller.NoticeController">
		<beans:property name="notice_dao" ref="notice_dao"></beans:property>
	</beans:bean>
	
	<!-- FaqController -->
	<beans:bean class="controller.FaqController">
		<beans:property name="faq_dao" ref="faq_dao"></beans:property>
	</beans:bean>
	
	<!-- ProductManageController -->
	<beans:bean class="controller.ProductManageController">
		<beans:property name="service" ref="product_service"></beans:property>
	</beans:bean>
	
</beans:beans>
